Time (s),Total E x (V/m),Total E y (V/m),Total E z (V/m)
0,0,0,0
1.54066648e-10,0,0,0
3.08133297e-10,0,0,0
4.62199973e-10,0,0,0
6.16266593e-10,0,0,0
7.70333297e-10,0,0,0
9.24399945e-10,0,0,0
1.07846654e-09,0,0,0
1.23253319e-09,0,0,0
1.38659983e-09,0,0,0
1.54066659e-09,0,0,0
1.69473324e-09,0,0,0
1.84879989e-09,0,0,0
2.00286654e-09,0,0,0
2.15693308e-09,0,0,0
2.31099984e-09,0,0,0
2.46506637e-09,0,0,0
2.61913313e-09,0,0,0
2.77319967e-09,0,0,0
2.92726643e-09,0,0,0
3.08133319e-09,0,0,0
3.23539973e-09,0,0,0
3.38946649e-09,0,0,0
3.54353302e-09,0,0,0
3.69759978e-09,0,0,0
3.85166654e-09,0,0,0
4.00573308e-09,0,0,0
4.15979962e-09,0,0,0
4.31386615e-09,0,0,0
4.46793313e-09,0,0,0
4.62199967e-09,0,0,0
4.77606621e-09,0,0,0
4.93013275e-09,0,0,0
5.08419973e-09,0,0,0
5.23826627e-09,0,0,0
5.3923328e-09,0,0,0
5.54639934e-09,0,0,0
5.70046632e-09,0,0,0
5.85453286e-09,0,0,0
6.0085994e-09,0,0,0
6.16266638e-09,0,0,0
6.31673291e-09,0,0,0
6.47079945e-09,0,0,0
6.62486599e-09,0,0,0
6.77893297e-09,0,0,0
6.93299951e-09,0,0,0
7.08706605e-09,0,0,0
7.24113258e-09,0,0,0
7.39519956e-09,0,0,0
7.5492661e-09,0,0,0
7.70333308e-09,0,0,0
7.85739918e-09,0,0,0
8.01146616e-09,0,0,0
8.16553225e-09,0,0,0
8.31959923e-09,0,0,0
8.47366621e-09,0,0,0
8.62773231e-09,0,0,0
8.78179929e-09,0,0,0
8.93586627e-09,0,0,0
9.08993236e-09,0,0,0
9.24399934e-09,0,0,0
9.39806633e-09,0,0,0
9.55213242e-09,0,0,0
9.7061994e-09,0,0,0
9.86026549e-09,0,0,0
1.00143325e-08,0,0,0
1.01683995e-08,0,0,0
1.03224655e-08,0,0,0
1.04765325e-08,0,0,0
1.06305995e-08,0,0,0
1.07846656e-08,0,0,0
1.09387326e-08,0,0,0
1.10927987e-08,0,0,0
1.12468657e-08,0,0,0
1.14009326e-08,0,0,0
1.15549987e-08,0,0,0
1.17090657e-08,0,0,0
1.18631327e-08,0,0,0
1.20171988e-08,0,0,0
1.21712658e-08,0,0,0
1.23253328e-08,0,0,0
1.24793988e-08,0,0,0
1.26334658e-08,0,0,0
1.27875319e-08,0,0,0
1.29415989e-08,0,0,0
1.30956659e-08,0,0,0
1.3249732e-08,0,0,0
1.3403799e-08,0,0,0
1.35578659e-08,0,0,0
1.3711932e-08,0,0,0
1.3865999e-08,0,0,0
1.40200651e-08,0,0,0
1.41741321e-08,0,0,0
1.43281991e-08,0,0,0
1.44822652e-08,0,0,0
1.46363321e-08,0,0,0
1.47903991e-08,0,0,0
1.49444652e-08,0,0,0
1.50985322e-08,0,0,0
1.52525992e-08,0,0,0
1.54066662e-08,0,0,0
1.55607314e-08,0,0,0
1.57147984e-08,0,0,0
1.58688653e-08,0,0,0
1.60229323e-08,0,0,0
1.61769993e-08,0,0,0
1.63310645e-08,0,0,0
1.64851315e-08,0,0,0
1.66391985e-08,0,0,0
1.67932654e-08,0,0,0
1.69473324e-08,0,0,0
1.71013994e-08,0,0,0
1.72554646e-08,0,0,0
1.74095316e-08,0,0,0
1.75635986e-08,0,0,0
1.77176656e-08,0,0,0
1.78717325e-08,0,0,0
1.80257977e-08,0,0,0
1.81798647e-08,0,0,0
1.83339317e-08,0,0,0
1.84879987e-08,0,0,0
1.86420657e-08,0,0,0
1.87961327e-08,0,0,0
1.89501979e-08,0,0,0
1.91042648e-08,0,0,0
1.92583318e-08,0,0,0
1.94123988e-08,0,0,0
1.95664658e-08,0,0,0
1.9720531e-08,0,0,0
1.9874598e-08,0,0,0
2.00286649e-08,0,0,0
2.01827319e-08,0,0,0
2.03367989e-08,0,0,0
2.04908659e-08,0,0,0
2.06449311e-08,0,0,0
2.07989981e-08,0,0,0
2.09530651e-08,0,0,0
2.1107132e-08,0,0,0
2.1261199e-08,0,0,0
2.14152642e-08,0,0,0
2.15693312e-08,0,0,0
2.17233982e-08,0,0,0
2.18774652e-08,0,0,0
2.20315322e-08,0,0,0
2.21855974e-08,0,0,0
2.23396643e-08,0,0,0
2.24937313e-08,0,0,0
2.26477983e-08,0,0,0
2.28018653e-08,0,0,0
2.29559323e-08,0,0,0
2.31099975e-08,0,0,0
2.32640645e-08,0,0,0
2.34181314e-08,0,0,0
2.35721984e-08,0,0,0
2.37262654e-08,0,0,0
2.38803306e-08,0,0,0
2.40343976e-08,0,0,0
2.41884646e-08,0,0,0
2.43425315e-08,0,0,0
2.44965985e-08,0,0,0
2.46506655e-08,0,0,0
2.48047307e-08,0,0,0
2.49587977e-08,0,0,0
2.51128647e-08,0,0,0
2.52669317e-08,0,0,0
2.54209986e-08,0,0,0
2.55750638e-08,0,0,0
2.57291308e-08,0,0,0
2.58831978e-08,0,0,0
2.60372648e-08,0,0,0
2.61913318e-08,0,0,0
2.63453988e-08,0,0,0
2.6499464e-08,0,0,0
2.66535309e-08,0,0,0
2.68075979e-08,0,0,0
2.69616649e-08,0,0,0
2.71157319e-08,0,0,0
2.72697971e-08,0,0,0
2.74238641e-08,0,0,0
2.7577931e-08,0,0,0
2.7731998e-08,0,0,0
2.7886065e-08,0,0,0
2.80401302e-08,0,0,0
2.81941972e-08,0,0,0
2.83482642e-08,0,0,0
2.85023312e-08,0,0,0
2.86563981e-08,0,0,0
2.88104651e-08,0,0,0
2.89645303e-08,0,0,0
2.91185973e-08,0,0,0
2.92726643e-08,0,0,0
2.94267313e-08,0,0,0
2.95807983e-08,0,0,0
2.97348635e-08,0,0,0
2.98889304e-08,0,0,0
3.00429974e-08,0,0,0
3.01970644e-08,0,0,0
3.03511314e-08,0,0,0
3.05051984e-08,0,0,0
3.06592653e-08,0,0,0
3.08133323e-08,0,0,0
3.09673958e-08,0,0,0
3.11214627e-08,0,0,0
3.12755297e-08,0,0,0
3.14295967e-08,0,0,0
3.15836637e-08,0,0,0
3.17377307e-08,0,0,0
3.18917976e-08,0,0,0
3.20458646e-08,0,0,0
3.21999316e-08,0,0,0
3.23539986e-08,0,0,0
3.25080656e-08,0,0,0
3.2662129e-08,0,0,0
3.2816196e-08,0,0,0
3.2970263e-08,0,0,0
3.31243299e-08,0,0,0
3.32783969e-08,0,0,0
3.34324639e-08,0,0,0
3.35865309e-08,0,0,0
3.37405979e-08,0,0,0
3.38946649e-08,0,0,0
3.40487318e-08,0,0,0
3.42027988e-08,0,0,0
3.43568622e-08,0,0,0
3.45109292e-08,0,0,0
3.46649962e-08,0,0,0
3.48190632e-08,0,0,0
3.49731302e-08,0,0,0
3.51271972e-08,0,0,0
3.52812641e-08,0,0,0
3.54353311e-08,0,0,0
3.55893981e-08,0,0,0
3.57434651e-08,0,0,0
3.58975321e-08,0,0,0
3.60515955e-08,0,0,0
3.62056625e-08,0,0,0
3.63597294e-08,0,0,0
3.65137964e-08,0,0,0
3.66678634e-08,0,0,0
3.68219304e-08,0,0,0
3.69759974e-08,0,0,0
3.71300644e-08,0,0,0
3.72841313e-08,0,0,0
3.74381983e-08,0,0,0
3.75922653e-08,0,0,0
3.77463287e-08,0,0,0
3.79003957e-08,0,0,0
3.80544627e-08,0,0,0
3.82085297e-08,0,0,0
3.83625967e-08,0,0,0
3.85166636e-08,0,0,0
3.86707306e-08,0,0,0
3.88247976e-08,0,0,0
3.89788646e-08,0,0,0
3.91329316e-08,0,0,0
3.92869985e-08,0,0,0
3.9441062e-08,0,0,0
3.9595129e-08,0,0,0
3.97491959e-08,0,0,0
3.99032629e-08,0,0,0
4.00573299e-08,0,0,0
4.02113969e-08,0,0,0
4.03654639e-08,0,0,0
4.05195308e-08,0,0,0
4.06735978e-08,0,0,0
4.08276648e-08,0,0,0
4.09817318e-08,0,0,0
4.11357952e-08,0,0,0
4.12898622e-08,0,0,0
4.14439292e-08,0,0,-6.19280758e-36
4.15979962e-08,0,0,-4.12689893e-34
4.17520631e-08,2.13651321e-35,0,-6.8588457e-33
4.19061301e-08,3.21689113e-34,-3.82921805e-36,-1.04691549e-31
4.20601971e-08,4.68785641e-33,-2.85766189e-34,-1.5199631e-30
4.22142641e-08,6.4535639e-32,-4.44641207e-33,-2.09127464e-29
4.23683311e-08,8.40586606e-31,-6.16861526e-32,-2.72541259e-28
4.2522398e-08,1.03617092e-29,-8.06228411e-31,-3.36315979e-27
4.26764615e-08,1.20825442e-28,-9.96496165e-30,-3.92826477e-26
4.28305285e-08,1.33223199e-27,-1.16446323e-28,-4.34138062e-25
4.29845954e-08,1.38827918e-26,-1.28652053e-27,-4.53792433e-24
4.31386624e-08,1.36656433e-25,-1.34328606e-26,-4.48446914e-23
4.32927294e-08,1.27005462e-24,-1.32503808e-25,-4.18799817e-22
4.34467964e-08,1.11384241e-23,-1.23432514e-24,-3.69451496e-21
4.36008634e-08,9.21269504e-23,-1.08555567e-23,-3.07735228e-20
4.37549303e-08,7.18218903e-22,-9.01050557e-23,-2.41925669e-19
4.39089973e-08,5.27465975e-21,-7.05574561e-22,-1.79429826e-18
4.40630643e-08,3.6471033e-20,-5.21104439e-21,-1.25502159e-17
4.42171313e-08,2.37301161e-19,-3.62863488e-20,-8.2757488e-17
4.43711947e-08,1.45216747e-18,-2.38170476e-19,-5.14336723e-16
4.45252617e-08,8.35465984e-18,-1.47311644e-18,-3.01228358e-15
4.46793287e-08,4.51748148e-17,-8.58540601e-18,-1.6623728e-14
4.48333957e-08,2.29520994e-16,-4.71433922e-17,-8.64544574e-14
4.49874626e-08,1.09579604e-15,-2.43910893e-16,-4.23833549e-13
4.51415296e-08,4.91706438e-15,-1.18938111e-15,-1.9596037e-12
4.52955966e-08,2.07460561e-14,-5.46867764e-15,-8.5511381e-12
4.54496636e-08,8.23651179e-14,-2.37267854e-14,-3.52518986e-11
4.56037306e-08,3.07989718e-13,-9.72021671e-14,-1.37452771e-10
4.57577976e-08,1.08582067e-12,-3.76478959e-13,-5.0758131e-10
4.59118645e-08,3.61295607e-12,-1.37985261e-12,-1.77753079e-09
4.6065928e-08,1.13534885e-11,-4.7918323e-12,-5.91031801e-09
4.62199949e-08,3.36956851e-11,-1.57821672e-11,-1.86758893e-08
4.63740619e-08,9.43626427e-11,-4.93322952e-11,-5.61087354e-08
4.65281289e-08,2.48769477e-10,-1.46366641e-10,-1.60260242e-07
4.66821959e-08,6.15135609e-10,-4.1199566e-10,-4.34900016e-07
4.68362629e-08,1.41851408e-09,-1.09900822e-09,-1.11999486e-06
4.69903298e-08,3.02570369e-09,-2.77229817e-09,-2.7327892e-06
4.71443968e-08,5.89814597e-09,-6.59523147e-09,-6.30513796e-06
4.72984638e-08,1.03060316e-08,-1.47437458e-08,-1.37232555e-05
4.74525308e-08,1.55720876e-08,-3.0828339e-08,-2.80984204e-05
4.76065978e-08,1.86775608e-08,-5.99241972e-08,-5.39386274e-05
4.77606612e-08,1.25655983e-08,-1.07326485e-07,-9.66637599e-05
4.79147282e-08,-1.43841614e-08,-1.74787317e-07,-0.000160823518
4.80687952e-08,-7.431413e-08,-2.52977998e-07,-0.000246497424
4.82228621e-08,-1.67104389e-07,-3.10679212e-07,-0.000344127417
4.83769291e-08,-2.56253514e-07,-2.85136167e-07,-0.000429616659
4.85309961e-08,-2.41556137e-07,-8.37318481e-08,-0.000463443488
4.86850631e-08,4.7573991e-08,3.88891948e-07,-0.000398351083
4.88391301e-08,7.99456473e-07,1.16948149e-06,-0.000197893518
4.89931971e-08,2.07822313e-06,2.15171372e-06,0.000138236632
4.9147264e-08,3.61682532e-06,3.02374542e-06,0.000554433325
4.9301331e-08,4.66691472e-06,3.29638192e-06,0.000941415725
4.94553944e-08,4.10262646e-06,2.4735275e-06,0.00117015257
4.96094614e-08,9.31385443e-07,3.33223056e-07,0.00114855729
4.97635284e-08,-4.88352998e-06,-2.82826204e-06,0.000871731783
4.99175954e-08,-1.17447235e-05,-6.19392858e-06,0.00043173146
5.00716624e-08,-1.65373731e-05,-8.75983187e-06,-2.60497727e-05
5.02257294e-08,-1.59086121e-05,-9.84241979e-06,-0.000375972799
5.03797963e-08,-8.30094814e-06,-9.37129971e-06,-0.000566950417
5.05338633e-08,4.47319144e-06,-7.66624271e-06,-0.00062373071
5.06879303e-08,1.74011602e-05,-4.83781605e-06,-0.000601490261
5.08419973e-08,2.45100164e-05,-4.23443737e-07,-0.0005361691
5.09960643e-08,2.20439342e-05,6.16569105e-06,-0.000429976091
5.11501277e-08,1.06602902e-05,1.45278436e-05,-0.000274572958
5.13041947e-08,-4.69825227e-06,2.24628329e-05,-8.12075014e-05
5.14582617e-08,-1.7104825e-05,2.65117033e-05,0.000111968577
5.16123286e-08,-2.07954527e-05,2.38637294e-05,0.000257409294
5.17663956e-08,-1.37235766e-05,1.43489515e-05,0.000320721854
5.19204626e-08,1.29992691e-06,9.28732902e-07,0.000291819917
5.20745296e-08,1.72511973e-05,-1.18124854e-05,0.000184758101
5.22285966e-08,2.55028463e-05,-2.01278835e-05,3.36427911e-05
5.23826635e-08,1.99966908e-05,-2.28445679e-05,-0.000114046808
5.25367305e-08,1.27182398e-06,-2.13815965e-05,-0.000210896236
5.26907975e-08,-2.23683692e-05,-1.8282075e-05,-0.000228573364
5.28448609e-08,-3.83914485e-05,-1.53107558e-05,-0.000171629814
5.29989279e-08,-3.7067919e-05,-1.22787369e-05,-7.46229052e-05
5.31529949e-08,-1.77257116e-05,-7.35208869e-06,1.78259797e-05
5.33070619e-08,1.02864469e-05,1.20692357e-06,7.53393251e-05
5.34611289e-08,3.30056355e-05,1.29320297e-05,9.43833875e-05
5.36151958e-08,4.01055731e-05,2.43264112e-05,9.19884042e-05
5.37692628e-08,3.04291552e-05,3.03145043e-05,8.73790414e-05
5.39233298e-08,1.14186587e-05,2.72604484e-05,8.64458125e-05
5.40773968e-08,-6.48207424e-06,1.5435915e-05,8.02807408e-05
5.42314638e-08,-1.6216838e-05,-9.01484782e-07,5.67699135e-05
5.43855272e-08,-1.72028049e-05,-1.58294697e-05,1.37135803e-05
5.45395942e-08,-1.37797406e-05,-2.47225544e-05,-3.78841505e-05
5.46936612e-08,-1.08448839e-05,-2.58977634e-05,-8.17900363e-05
5.48477281e-08,-1.0062121e-05,-2.03390391e-05,-0.000107257045
5.50017951e-08,-9.30736405e-06,-1.03954553e-05,-0.000113093003
5.51558621e-08,-5.45702915e-06,1.28068882e-06,-0.000103468199
5.53099291e-08,1.99074725e-06,1.2084336e-05,-8.16698011e-05
5.54639961e-08,9.66651805e-06,1.95578596e-05,-4.84262673e-05
5.5618063e-08,1.26884725e-05,2.18595615e-05,-5.47238005e-06
5.577213e-08,8.74303078e-06,1.85924528e-05,4.04347484e-05
5.5926197e-08,4.38056645e-07,1.13232854e-05,7.77966707e-05
5.60802604e-08,-6.16414127e-06,3.10643009e-06,9.53164781e-05
5.62343274e-08,-5.80255119e-06,-2.99490307e-06,8.79734071e-05
5.63883944e-08,2.14675606e-06,-5.57529211e-06,6.01570937e-05
5.65424614e-08,1.30777362e-05,-5.62520472e-06,2.3911889e-05
5.66965284e-08,2.01469848e-05,-5.73006491e-06,-6.8513109e-06
5.68505953e-08,1.86380857e-05,-8.14760915e-06,-2.31235463e-05
5.70046623e-08,8.70173972e-06,-1.30220724e-05,-2.46696982e-05
5.71587293e-08,-5.16918772e-06,-1.80059778e-05,-1.84889414e-05
5.73127963e-08,-1.72017262e-05,-1.96296642e-05,-1.28165602e-05
5.74668633e-08,-2.36041669e-05,-1.55163834e-05,-1.10101437e-05
5.76209302e-08,-2.38945759e-05,-5.90728723e-06,-9.93462254e-06
5.77749937e-08,-1.98498346e-05,6.50370748e-06,-3.9129759e-06
5.79290607e-08,-1.33863532e-05,1.81120522e-05,9.14898283e-06
5.80831276e-08,-5.23014205e-06,2.60139514e-05,2.45116316e-05
5.82371946e-08,4.67675636e-06,2.85757524e-05,3.28072929e-05
5.83912616e-08,1.5609914e-05,2.5034049e-05,2.61216192e-05
5.85453286e-08,2.49054447e-05,1.51649128e-05,3.73384751e-06
5.86993956e-08,2.85491406e-05,-1.65161055e-07,-2.63353668e-05
5.88534625e-08,2.35032421e-05,-1.79866183e-05,-5.10182872e-05
5.90075295e-08,1.02553404e-05,-3.31038973e-05,-5.8949292e-05
5.91615965e-08,-6.46451463e-06,-3.98132433e-05,-4.6230165e-05
5.93156635e-08,-1.9757199e-05,-3.48542162e-05,-1.79633807e-05
5.94697269e-08,-2.43226004e-05,-1.96243582e-05,1.4784312e-05
5.96237939e-08,-1.93778014e-05,1.71025704e-07,4.0200619e-05
5.97778609e-08,-8.68406096e-06,1.75069217e-05,5.01348586e-05
5.99319279e-08,2.20030506e-06,2.76871997e-05,4.22316843e-05
6.00859948e-08,9.2691962e-06,3.01151649e-05,1.99622154e-05
6.02400618e-08,1.16438632e-05,2.71928457e-05,-8.84905694e-06
6.03941288e-08,1.06979642e-05,2.16967255e-05,-3.47473142e-05
6.05481958e-08,8.08838104e-06,1.50007827e-05,-5.01055838e-05
6.07022628e-08,4.59004377e-06,7.31548698e-06,-5.18435299e-05
6.08563298e-08,4.60530202e-07,-9.55474661e-07,-4.17578121e-05
6.10103967e-08,-3.57054023e-06,-8.48553736e-06,-2.41293092e-05
6.11644637e-08,-6.0609691e-06,-1.36234239e-05,-2.47358207e-06
6.13185307e-08,-5.78681511e-06,-1.54882509e-05,2.19137619e-05
6.14725977e-08,-2.9521575e-06,-1.43814432e-05,4.83498625e-05
6.16266647e-08,5.95476649e-07,-1.13013039e-05,7.3640178e-05
6.17807316e-08,2.51894994e-06,-7.29006342e-06,9.05764682e-05
6.19347915e-08,1.64618177e-06,-3.23284894e-06,9.02296815e-05
6.20888585e-08,-1.22132928e-06,3.06692982e-08,6.71365706e-05
6.22429255e-08,-3.96604764e-06,1.78210882e-06,2.39101228e-05
6.23969925e-08,-4.71660269e-06,1.76871845e-06,-2.81575085e-05
6.25510594e-08,-3.08615222e-06,4.29800366e-07,-7.32693661e-05
6.27051264e-08,-2.37482766e-07,-1.30084698e-06,-9.78016105e-05
6.28591934e-08,2.10640201e-06,-2.44077546e-06,-9.59161262e-05
6.30132604e-08,2.85784904e-06,-2.30830574e-06,-7.15231217e-05
6.31673274e-08,2.11818815e-06,-7.07859954e-07,-3.59449987e-05
6.33213944e-08,8.4946538e-07,1.9132392e-06,-2.4986382e-06
6.34754613e-08,7.07895111e-08,4.41978773e-06,1.95317407e-05
6.36295283e-08,1.96444375e-07,5.39835855e-06,2.84707767e-05
6.37835953e-08,8.91136665e-07,4.06409936e-06,2.93288831e-05
6.39376623e-08,1.41269334e-06,1.00137936e-06,2.88972096e-05
6.40917293e-08,1.13184831e-06,-2.08362417e-06,3.03248853e-05
6.42457962e-08,-7.03501541e-08,-3.59224077e-06,3.12064694e-05
6.43998632e-08,-1.72230182e-06,-3.18240063e-06,2.65901563e-05
6.45539302e-08,-3.00592478e-06,-1.74480556e-06,1.42256567e-05
6.47079972e-08,-3.20427762e-06,-3.00074589e-07,-2.47409594e-06
6.48620642e-08,-2.12115583e-06,9.55266273e-07,-1.63234654e-05
6.50161311e-08,-2.18256076e-07,2.44263356e-06,-2.15004438e-05
6.51701981e-08,1.6467535e-06,4.18381296e-06,-1.77114453e-05
6.5324258e-08,2.73537876e-06,5.26202439e-06,-1.00922371e-05
6.5478325e-08,2.84719454e-06,4.49868867e-06,-5.13777695e-06
6.5632392e-08,2.32754564e-06,1.68390943e-06,-5.97278677e-06
6.57864589e-08,1.67705741e-06,-1.9661004e-06,-1.05513191e-05
6.59405259e-08,1.11004454e-06,-4.62960543e-06,-1.38207906e-05
6.60945929e-08,4.60061585e-07,-5.17302306e-06,-1.18213111e-05
6.62486599e-08,-4.99097325e-07,-3.72522527e-06,-4.4518797e-06
6.64027269e-08,-1.64481878e-06,-1.20618176e-06,5.00228089e-06
6.65567939e-08,-2.43379395e-06,1.4728887e-06,1.27123994e-05
6.67108608e-08,-2.27881173e-06,3.73845478e-06,1.6934322e-05
6.68649278e-08,-1.06978939e-06,5.18632169e-06,1.83209704e-05
6.70189948e-08,6.10711936e-07,5.47857599e-06,1.80899679e-05
6.71730618e-08,1.79250276e-06,4.59134935e-06,1.6103606e-05
6.73271288e-08,1.73866715e-06,3.03129718e-06,1.08288205e-05
6.74811957e-08,4.45729967e-07,1.53248038e-06,1.2581213e-06
6.76352627e-08,-1.32472178e-06,3.83988237e-07,-1.10289748e-05
6.77893297e-08,-2.50408789e-06,-8.64809408e-07,-2.16921489e-05
6.79433967e-08,-2.35462858e-06,-2.84137514e-06,-2.57425454e-05
6.80974637e-08,-8.85521786e-07,-5.37444294e-06,-2.05262149e-05
6.82515306e-08,1.18798141e-06,-7.1454042e-06,-7.4984664e-06
6.84055976e-08,2.86908926e-06,-6.54623545e-06,8.29400415e-06
6.85596646e-08,3.39759231e-06,-3.17311628e-06,2.05468186e-05
6.87137245e-08,2.5663112e-06,1.36598908e-06,2.44489056e-05
6.88677915e-08,7.3472188e-07,4.23096753e-06,1.85398203e-05
6.90218585e-08,-1.38698772e-06,3.30265721e-06,5.14058866e-06
6.91759254e-08,-3.02420699e-06,-1.16582066e-06,-1.05269437e-05
6.93299924e-08,-3.58996112e-06,-6.53520101e-06,-2.21628379e-05
6.94840594e-08,-2.86752743e-06,-9.46102045e-06,-2.47578664e-05
6.96381264e-08,-1.09677273e-06,-8.02420345e-06,-1.68327333e-05
6.97921934e-08,1.07385677e-06,-2.80104177e-06,-1.53608153e-06
6.99462603e-08,2.81314578e-06,3.70966472e-06,1.43605394e-05
7.01003273e-08,3.44414889e-06,8.69010364e-06,2.35829229e-05
7.02543943e-08,2.74208787e-06,1.04767742e-05,2.2113607e-05
7.04084613e-08,1.02210981e-06,9.12652922e-06,1.13523556e-05
7.05625283e-08,-1.03550315e-06,6.03085255e-06,-2.79433198e-06
7.07165952e-08,-2.71704471e-06,3.01266118e-06,-1.33620797e-05
7.08706622e-08,-3.56195892e-06,1.40521308e-06,-1.60982909e-05
7.10247292e-08,-3.45907756e-06,1.45725778e-06,-1.12894832e-05
7.11787962e-08,-2.55522332e-06,2.26714769e-06,-2.87247644e-06
7.13328632e-08,-1.10137773e-06,2.30238834e-06,4.22897938e-06
7.14869302e-08,6.2529972e-07,2.94341646e-07,6.79082541e-06
7.16409971e-08,2.30695423e-06,-3.94837934e-06,4.67410109e-06
7.17950641e-08,3.58044554e-06,-9.29251291e-06,4.74432625e-07
7.1949124e-08,4.13615408e-06,-1.37699381e-05,-2.20327888e-06
7.2103191e-08,3.8876401e-06,-1.55078997e-05,-9.66854373e-07
7.2257258e-08,3.04976948e-06,-1.35626615e-05,3.7831087e-06
7.24113249e-08,2.00154773e-06,-8.24766175e-06,8.88430714e-06
7.25653919e-08,9.98324026e-07,-9.23900188e-07,1.02516897e-05
7.27194589e-08,-2.29117632e-08,6.49342883e-06,5.5586529e-06
7.28735259e-08,-1.32992238e-06,1.20479581e-05,-3.9293127e-06
7.30275929e-08,-3.02968328e-06,1.41916353e-05,-1.36375311e-05
7.31816598e-08,-4.75952356e-06,1.22317169e-05,-1.80154748e-05
7.33357268e-08,-5.76261982e-06,6.74489274e-06,-1.35132877e-05
7.34897938e-08,-5.34668379e-06,-2.8159144e-07,-5.07631512e-07
7.36438608e-08,-3.39717076e-06,-5.92758488e-06,1.66938553e-05
7.37979278e-08,-5.36380412e-07,-7.51633524e-06,3.14901299e-05
7.39519948e-08,2.19669323e-06,-4.03827926e-06,3.73424846e-05
7.41060617e-08,3.90851574e-06,3.02557191e-06,3.00772408e-05
7.42601287e-08,4.26645147e-06,1.01715177e-05,9.66571952e-06
7.44141957e-08,3.53485461e-06,1.35729442e-05,-1.89723451e-05
7.45682627e-08,2.28830618e-06,1.1114158e-05,-4.68231519e-05
7.47223297e-08,1.05653385e-06,3.57437966e-06,-6.36888653e-05
7.48763966e-08,1.32517684e-07,-5.7365728e-06,-6.24253735e-05
7.50304636e-08,-4.11251733e-07,-1.26761206e-05,-4.25079306e-05
7.51845306e-08,-6.14545456e-07,-1.43538155e-05,-1.0752442e-05
7.53385905e-08,-5.70148472e-07,-1.04908495e-05,2.15428099e-05
7.54926575e-08,-4.42562254e-07,-3.39247026e-06,4.36356859e-05
7.56467244e-08,-4.61781184e-07,3.36877019e-06,4.98240042e-05
7.58007914e-08,-8.02350428e-07,6.79144296e-06,4.11305045e-05
7.59548584e-08,-1.39810584e-06,5.81239647e-06,2.37360146e-05
7.61089254e-08,-1.87925707e-06,1.57452496e-06,5.4819111e-06
7.62629924e-08,-1.77017637e-06,-3.38598966e-06,-7.55081692e-06
7.64170593e-08,-8.62413572e-07,-6.48099922e-06,-1.29348846e-05
7.65711263e-08,5.45190119e-07,-6.25403527e-06,-1.18966691e-05
7.67251933e-08,1.77871232e-06,-2.9107573e-06,-7.84710664e-06
7.68792603e-08,2.23822735e-06,1.95566508e-06,-4.25706185e-06
7.70333273e-08,1.81321832e-06,6.24812219e-06,-2.87405283e-06
7.71873943e-08,9.24272797e-07,8.39405311e-06,-3.18354932e-06
7.73414612e-08,1.7072e-07,7.98412111e-06,-3.4065913e-06
7.74955282e-08,-1.07177684e-07,5.7224479e-06,-2.26056545e-06
7.76495952e-08,-4.31495906e-09,2.80397444e-06,-1.25234578e-08
7.78036622e-08,1.31406111e-07,1.71499465e-07,2.06868799e-06
7.79577292e-08,3.12035446e-08,-1.87895944e-06,3.20523895e-06
7.81117961e-08,-3.02990514e-07,-3.54526082e-06,3.92482661e-06
7.82658631e-08,-6.58960175e-07,-5.00656415e-06,5.31079877e-06
7.84199301e-08,-8.03559715e-07,-5.97639064e-06,7.4779e-06
7.85739971e-08,-6.2282561e-07,-5.711825e-06,8.97794143e-06
7.8728057e-08,-1.47976337e-07,-3.54584904e-06,7.89290971e-06
7.88821239e-08,4.6330257e-07,4.05539197e-07,3.63805225e-06
7.90361909e-08,9.32698924e-07,4.91506535e-06,-2.24037922e-06
7.91902579e-08,9.03365049e-07,8.05037143e-06,-6.98235726e-06
7.93443249e-08,1.07700259e-07,8.15738531e-06,-8.40535631e-06
7.94983919e-08,-1.36775793e-06,4.8229881e-06,-6.11771293e-06
7.96524589e-08,-2.93826042e-06,-7.97408745e-07,-1.38527673e-06
7.98065258e-08,-3.70255566e-06,-6.49472804e-06,3.94467406e-06
7.99605928e-08,-2.94507686e-06,-1.00670068e-05,8.46319017e-06
8.01146598e-08,-6.44621025e-07,-1.03494103e-05,1.14442273e-05
8.02687268e-08,2.38656071e-06,-7.69712824e-06,1.23770969e-05
8.04227938e-08,4.88066235e-06,-3.68367773e-06,1.04820201e-05
8.05768607e-08,5.77585615e-06,-1.75958405e-07,4.93620382e-06
8.07309277e-08,4.73264572e-06,1.70707358e-06,-4.15086424e-06
8.08849947e-08,2.20356878e-06,2.12878695e-06,-1.48662539e-05
8.10390617e-08,-9.03231751e-07,2.23677512e-06,-2.37852328e-05
8.11931287e-08,-3.67374037e-06,3.24424173e-06,-2.76162682e-05
8.13471956e-08,-5.46165893e-06,5.50193499e-06,-2.51336824e-05
8.15012626e-08,-5.92218385e-06,8.14799387e-06,-1.79328472e-05
8.16553296e-08,-4.95173617e-06,9.53446124e-06,-9.40798873e-06
8.18093966e-08,-2.69184284e-06,8.19904562e-06,-2.70899136e-06
8.19634636e-08,4.02377054e-07,3.8484709e-06,9.2291782e-07
8.21175234e-08,3.56604073e-06,-2.24020505e-06,2.47932917e-06
8.22715904e-08,5.90779109e-06,-7.73743432e-06,4.18365971e-06
8.24256574e-08,6.72466967e-06,-1.04803148e-05,7.92934861e-06
8.25797244e-08,5.78272557e-06,-9.63714865e-06,1.40638731e-05
8.27337914e-08,3.40372935e-06,-6.02762611e-06,2.11033148e-05
8.28878584e-08,3.2034157e-07,-1.42172712e-06,2.6399186e-05
8.30419253e-08,-2.60876823e-06,2.59465287e-06,2.73032274e-05
8.31959923e-08,-4.67247582e-06,5.32748618e-06,2.22341259e-05
8.33500593e-08,-5.46198407e-06,6.85755685e-06,1.13229062e-05
8.35041263e-08,-4.90073262e-06,7.41843814e-06,-3.38715154e-06
8.36581933e-08,-3.22814321e-06,6.93259926e-06,-1.81837477e-05
8.38122602e-08,-9.92925379e-07,5.09538359e-06,-2.8560471e-05
8.39663272e-08,1.01709065e-06,1.84181204e-06,-3.08259041e-05
8.41203942e-08,2.02119736e-06,-2.3028183e-06,-2.39877409e-05
8.42744612e-08,1.64512869e-06,-6.34204071e-06,-1.08046233e-05
8.44285282e-08,2.2553067e-07,-9.30689657e-06,3.06370112e-06
8.45825952e-08,-1.29327304e-06,-1.07044889e-05,1.18512862e-05
8.47366621e-08,-1.90418029e-06,-1.05551981e-05,1.30162825e-05
8.48907291e-08,-1.17528418e-06,-9.04069748e-06,8.91744276e-06
8.50447961e-08,5.00768465e-07,-6.16311308e-06,5.36572816e-06
8.51988631e-08,2.23548113e-06,-1.80283587e-06,7.55913288e-06
8.5352923e-08,3.27389421e-06,3.82266853e-06,1.59542706e-05
8.55069899e-08,3.43260558e-06,9.73404985e-06,2.51468064e-05
8.56610569e-08,3.04405285e-06,1.42767403e-05,2.70601249e-05
8.58151239e-08,2.52729365e-06,1.57976338e-05,1.66165773e-05
8.59691909e-08,1.98103658e-06,1.34866814e-05,-4.07978541e-06
8.61232579e-08,1.14319789e-06,7.83191626e-06,-2.62815429e-05
8.62773248e-08,-2.5759158e-07,4.40859822e-07,-3.97323529e-05
8.64313918e-08,-2.07984181e-06,-6.60268461e-06,-3.88109875e-05
8.65854588e-08,-3.66477389e-06,-1.14843479e-05,-2.53928974e-05
8.67395258e-08,-4.19517346e-06,-1.32117084e-05,-6.77103662e-06
8.68935928e-08,-3.26948816e-06,-1.18177568e-05,9.29059843e-06
8.70476597e-08,-1.22746076e-06,-8.19270554e-06,1.85246972e-05
8.72017267e-08,1.03653292e-06,-3.64615084e-06,2.07770991e-05
8.73557937e-08,2.62215985e-06,5.89049193e-07,1.7960916e-05
8.75098607e-08,3.09046936e-06,3.70385396e-06,1.18911266e-05
8.76639277e-08,2.52532209e-06,5.42260341e-06,3.79361381e-06
8.78179947e-08,1.24343785e-06,5.8960095e-06,-4.8711654e-06
8.79720616e-08,-4.95514598e-07,5.46417505e-06,-1.19247798e-05
8.81261286e-08,-2.50566472e-06,4.42735745e-06,-1.52931443e-05
8.82801956e-08,-4.46226704e-06,2.99878934e-06,-1.4473766e-05
8.84342626e-08,-5.75365084e-06,1.48966205e-06,-1.1171107e-05
8.85883296e-08,-5.65498476e-06,4.98432541e-07,-8.30268891e-06
8.87423894e-08,-3.77729612e-06,7.36967536e-07,-7.94241623e-06
8.88964564e-08,-4.67533255e-07,2.43301633e-06,-9.5933683e-06
8.90505234e-08,3.19384526e-06,4.7777221e-06,-1.00389461e-05
8.92045904e-08,5.88257399e-06,6.06881076e-06,-5.15401462e-06
8.93586574e-08,6.72152191e-06,4.67585642e-06,7.13114878e-06
8.95127243e-08,5.70503607e-06,1.96416522e-07,2.45220381e-05
8.96667913e-08,3.57783711e-06,-6.07790889e-06,4.0526611e-05
8.98208583e-08,1.30125954e-06,-1.17471891e-05,4.75209999e-05
8.99749253e-08,-4.60786424e-07,-1.45183567e-05,4.10169487e-05
9.01289923e-08,-1.49256925e-06,-1.32677997e-05,2.23191837e-05
9.02830593e-08,-1.84524788e-06,-8.42304871e-06,-2.1796277e-06
9.04371262e-08,-1.62116339e-06,-1.63310415e-06,-2.4408324e-05
9.05911932e-08,-9.64696142e-07,4.96554003e-06,-3.8309423e-05
9.07452602e-08,-1.85819005e-07,9.53411836e-06,-4.16937874e-05
9.08993272e-08,2.25818823e-07,1.10983392e-05,-3.58445213e-05
9.10533942e-08,-1.63765506e-07,9.74131763e-06,-2.39330402e-05
9.12074611e-08,-1.38235214e-06,6.39876225e-06,-9.50399681e-06
9.13615281e-08,-2.87936314e-06,2.37782206e-06,4.4220551e-06
9.15155951e-08,-3.72884028e-06,-1.16983654e-06,1.57219911e-05
9.16696621e-08,-3.13497958e-06,-3.59574642e-06,2.31844315e-05
9.18237291e-08,-9.43405894e-07,-4.80464041e-06,2.62334779e-05
9.1977796e-08,2.18072023e-06,-5.03319734e-06,2.45594802e-05
9.21318559e-08,5.03033698e-06,-4.51284723e-06,1.81035848e-05
9.22859229e-08,6.42904934e-06,-3.24101188e-06,7.63628304e-06
9.24399899e-08,5.75505192e-06,-1.04992557e-06,-4.55677491e-06
9.25940569e-08,3.1590489e-06,2.02662682e-06,-1.48752852e-05
9.27481238e-08,-5.53651944e-07,5.35703794e-06,-1.99475926e-05
9.29021908e-08,-4.22614539e-06,7.68141308e-06,-1.86664874e-05
9.30562578e-08,-6.6911839e-06,7.6331653e-06,-1.30793997e-05
9.32103248e-08,-7.10875565e-06,4.55174677e-06,-7.17410967e-06
9.33643918e-08,-5.27730299e-06,-9.6265785e-07,-4.27318946e-06
9.35184588e-08,-1.80779648e-06,-7.15758142e-06,-4.87849593e-06
9.36725257e-08,2.01420244e-06,-1.18212929e-05,-6.48661762e-06
9.38265927e-08,4.73290947e-06,-1.31448314e-05,-5.46793535e-06
9.39806597e-08,5.38530867e-06,-1.03585153e-05,2.44199896e-07
9.41347267e-08,3.94126164e-06,-4.01196394e-06,9.40561586e-06
9.42887937e-08,1.24173721e-06,4.0975533e-06,1.78552327e-05
9.44428606e-08,-1.50976916e-06,1.13853876e-05,2.09479767e-05
9.45969276e-08,-3.34692982e-06,1.53501733e-05,1.65236615e-05
9.47509946e-08,-3.86854936e-06,1.46298744e-05,6.39963037e-06
9.49050616e-08,-3.18577349e-06,9.7080765e-06,-4.68245844e-06
9.50591286e-08,-1.66774748e-06,2.74084846e-06,-1.18782609e-05
9.52131956e-08,2.60008818e-07,-3.54435156e-06,-1.2813829e-05
9.53672554e-08,2.17302272e-06,-7.27229235e-06,-8.32032947e-06
9.55213224e-08,3.65606979e-06,-8.26405721e-06,-1.28041745e-06
9.56753894e-08,4.37781819e-06,-7.75576791e-06,5.22232676e-06
9.58294564e-08,4.2115189e-06,-7.23050334e-06,9.19964441e-06
9.59835234e-08,3.26439158e-06,-7.23824496e-06,1.00618499e-05
9.61375903e-08,1.7712108e-06,-7.05222283e-06,8.21914182e-06
9.62916573e-08,-4.34075531e-08,-5.36205607e-06,4.52778295e-06
9.64457243e-08,-1.9728468e-06,-1.42791282e-06,-5.81906079e-08
9.65997913e-08,-3.7123682e-06,4.16068269e-06,-4.56308589e-06
9.67538583e-08,-4.79507025e-06,9.62596914e-06,-7.99417649e-06
9.69079252e-08,-4.74559374e-06,1.28824913e-05,-9.50386493e-06
9.70619922e-08,-3.38325503e-06,1.25648976e-05,-8.72208966e-06
9.72160592e-08,-1.03636455e-06,8.64301546e-06,-5.99461509e-06
9.73701262e-08,1.5274876e-06,2.40002464e-06,-2.27040482e-06
9.75241932e-08,3.42574549e-06,-4.10978828e-06,1.29845114e-06
9.76782601e-08,4.04358661e-06,-8.83561825e-06,3.72629052e-06
9.78323271e-08,3.28146416e-06,-1.04344026e-05,4.34617414e-06
9.79863941e-08,1.57628006e-06,-8.67675953e-06,2.90499429e-06
9.81404611e-08,-2.9329459e-07,-4.45476508e-06,-2.08124504e-07
9.82945281e-08,-1.55531404e-06,5.71238559e-07,-3.76824346e-06
9.84485951e-08,-1.81892597e-06,4.56851285e-06,-6.00417206e-06
9.8602662e-08,-1.27676924e-06,6.20506216e-06,-5.52271331e-06
9.87567219e-08,-5.75429908e-07,5.18303523e-06,-2.29860166e-06
9.89107889e-08,-3.83623075e-07,2.36770848e-06,2.16351691e-06
9.90648559e-08,-9.19267563e-07,-6.3911375e-07,5.79354537e-06
9.92189229e-08,-1.77757977e-06,-2.33933451e-06,7.32935405e-06
9.93729898e-08,-2.20349602e-06,-2.11347037e-06,6.93626453e-06
9.95270568e-08,-1.62818458e-06,-4.51090926e-07,5.61471097e-06
9.96811238e-08,-7.90087427e-08,1.46921525e-06,4.0746022e-06
9.98351908e-08,1.82347628e-06,2.50109133e-06,2.19793674e-06
9.99892578e-08,3.26039071e-06,2.07866015e-06,-4.85269936e-07
